x pendolo,y pendolo,angolo,,"pivot x,y",592,52
670,565,0.150891088,,,,
722,549,0.255837538,,,,
777,523,0.374267926,,,,
825,492,0.487003649,,,,
860,467,0.5734051,,,,
889,440,0.65332478,,,,
912,414,0.723892262,,,,
929,392,0.780966878,,,,
938,380,0.812098048,,,,
941,376,0.822528194,,,,
938,380,0.812098048,,,,
930,392,0.782448319,,,,
913,413,0.726814251,,,,
889,440,0.65332478,,,,
860,466,0.574505111,,,,
825,492,0.487003649,,,,
778,523,0.376105965,,,,
722,549,0.255837538,,,,
669,566,0.148699671,,,,
608,572,0.030759526,,,,
547,570,-0.086655033,,,,
489,558,-0.200813701,,,,
434,537,-0.314931069,,,,
383,506,-0.431429576,,,,
339,476,-0.537988105,,,,
310,449,-0.617623567,,,,
287,426,-0.68412578,,,,
268,404,-0.744001708,,,,
254,386,-0.791350474,,,,
247,376,-0.816777994,,,,
247,376,-0.816777994,,,,
254,385,-0.79284959,,,,
267,402,-0.748378048,,,,
286,424,-0.688358777,,,,
308,447,-0.623355808,,,,
338,474,-0.541812257,,,,
380,504,-0.438563266,,,,
432,535,-0.319886044,,,,
486,557,-0.206897364,,,,
544,569,-0.092577932,,,,
604,571,0.023117268,,,,
663,565,0.137527885,,,,
717,550,0.245923396,,,,
769,527,0.356692631,,,,
817,498,0.467228614,,,,
848,473,0.546336591,,,,
876,453,0.616227743,,,,
904,423,0.699228473,,,,
921,402,0.754480184,,,,
930,391,0.78392106,,,,
933,386,0.795768162,,,,
932,388,0.791315254,,,,
924,399,0.763310445,,,,
907,419,0.709299069,,,,
885,444,0.641866456,,,,
858,466,0.57109328,,,,
826,490,0.490668058,,,,
779,521,0.379403031,,,,
724,547,0.260602392,,,,
674,563,0.159113173,,,,
618,570,0.050150963,,,,
557,570,-0.067465025,,,,
499,560,-0.18106583,,,,
446,541,-0.290142981,,,,
395,511,-0.405417549,,,,
348,481,-0.517135562,,,,
318,455,-0.597108783,,,,
297,434,-0.65759052,,,,
279,415,-0.711568106,,,,
264,398,-0.758698278,,,,
256,387,-0.786888475,,,,
254,385,-0.79284959,,,,
261,394,-0.769054894,,,,
274,410,-0.72629548,,,,
292,429,-0.672147755,,,,
312,449,-0.614267265,,,,
340,474,-0.538325993,,,,
381,503,-0.437597798,,,,
433,535,-0.318019228,,,,
487,556,-0.205395389,,,,
542,568,-0.096597645,,,,
602,571,0.019265439,,,,
658,565,0.127952101,,,,
706,554,0.223304395,,,,
760,531,0.337325619,,,,
810,502,0.451125902,,,,
845,475,0.539027713,,,,
871,456,0.604385319,,,,
894,433,0.670243703,,,,
912,414,0.723892262,,,,
923,400,0.760366574,,,,
925,396,0.769151439,,,,
923,399,0.761803723,,,,
914,411,0.731119666,,,,
898,430,0.680521225,,,,
875,454,0.61339218,,,,
848,473,0.546336591,,,,
815,499,0.462752354,,,,
766,528,0.350456774,,,,
714,552,0.239323681,,,,
665,565,0.141351203,,,,
610,571,0.034668185,,,,
549,570,-0.082821692,,,,
495,560,-0.188673748,,,,
443,541,-0.295766305,,,,
394,511,-0.407255848,,,,
349,483,-0.513380322,,,,
320,459,-0.589135748,,,,
300,439,-0.64638889,,,,
283,421,-0.697132525,,,,
270,406,-0.738096196,,,,
262,397,-0.763179598,,,,
262,397,-0.763179598,,,,
270,407,-0.736692254,,,,
284,422,-0.694206361,,,,
301,440,-0.643501109,,,,
322,460,-0.584601256,,,,
351,485,-0.507882511,,,,
397,514,-0.39939302,,,,
447,543,-0.287153734,,,,
498,561,-0.18261831,,,,
554,571,-0.07308731,,,,
613,572,0.040362682,,,,
667,566,0.144891873,,,,
715,552,0.241210428,,,,
765,530,0.3472584,,,,
812,502,0.454719275,,,,
845,477,0.536952108,,,,
870,459,0.599257052,,,,
891,438,0.659067242,,,,
906,421,0.705044465,,,,
916,410,0.735586031,,,,
918,407,0.742839442,,,,
914,412,0.729737241,,,,
902,426,0.692102542,,,,
885,444,0.641866456,,,,
863,465,0.580703463,,,,
836,484,0.514146156,,,,
798,512,0.421044628,,,,
749,539,0.311862125,,,,
696,560,0.201934107,,,,
648,568,0.108104035,,,,
593,574,0.001915706,,,,
537,570,-0.105781279,,,,
484,558,-0.210283398,,,,
435,539,-0.311862125,,,,
387,510,-0.420854837,,,,
346,483,-0.518646239,,,,
319,460,-0.589697517,,,,
301,441,-0.642266033,,,,
285,425,-0.688642407,,,,
274,413,-0.722154195,,,,
268,407,-0.73977447,,,,
271,410,-0.730960103,,,,
280,420,-0.703230641,,,,
295,435,-0.659595468,,,,
311,452,-0.612401847,,,,
335,474,-0.547014337,,,,
370,500,-0.460069807,,,,
417,528,-0.352308725,,,,
466,552,-0.246860128,,,,
517,567,-0.144614439,,,,
571,574,-0.040208203,,,,
627,572,0.067206326,,,,
679,565,0.167992272,,,,
724,550,0.259102018,,,,
775,526,0.368445558,,,,
818,500,0.467212656,,,,
847,477,0.5404195,,,,
870,460,0.598114618,,,,
889,441,0.652082835,,,,
902,427,0.690790928,,,,
909,419,0.712428535,,,,
909,419,0.712428535,,,,
903,426,0.693685368,,,,
890,441,0.653704836,,,,
871,460,0.59978657,,,,
848,477,0.542147808,,,,
818,500,0.467212656,,,,
775,526,0.368445558,,,,
725,550,0.260977298,,,,
679,565,0.167992272,,,,
628,573,0.068988233,,,,
573,575,-0.036312902,,,,
520,569,-0.138374988,,,,
470,555,-0.237949725,,,,
422,533,-0.339727539,,,,
377,505,-0.443133092,,,,
341,481,-0.529377851,,,,
317,460,-0.593075841,,,,
300,443,-0.641451931,,,,
287,429,-0.680215928,,,,
278,420,-0.706384123,,,,
275,417,-0.715132799,,,,
281,423,-0.697647551,,,,
291,434,-0.667355078,,,,
306,449,-0.624288428,,,,
325,468,-0.570608174,,,,
352,489,-0.502228097,,,,
394,516,-0.403330101,,,,
440,543,-0.300215423,,,,
489,561,-0.199661417,,,,
540,572,-0.099668652,,,,
594,576,0.003816775,,,,
646,570,0.103871914,,,,
692,563,0.193252457,,,,
741,545,0.293502542,,,,
788,520,0.396610402,,,,
825,495,0.484198781,,,,
852,475,0.551127208,,,,
872,459,0.602600107,,,,
888,443,0.647987212,,,,
899,432,0.679536302,,,,
902,427,0.690790928,,,,
900,430,0.683709312,,,,
890,441,0.653704836,,,,
875,457,0.609896915,,,,
855,472,0.55945493,,,,
830,491,0.496789591,,,,
794,516,0.410600079,,,,
749,541,0.310667264,,,,
700,561,0.209079913,,,,
654,569,0.119352654,,,,
604,575,0.022940526,,,,
549,574,-0.082189908,,,,
498,565,-0.181225476,,,,
451,548,-0.276967747,,,,
408,524,-0.37170895,,,,
365,498,-0.470796728,,,,
335,476,-0.544916184,,,,
314,457,-0.60155344,,,,
300,443,-0.641451931,,,,
289,432,-0.67313426,,,,
283,426,-0.690515551,,,,
284,427,-0.687614386,,,,
292,435,-0.66446843,,,,
304,448,-0.628796286,,,,
320,463,-0.584626139,,,,
343,483,-0.523880691,,,,
378,507,-0.439630875,,,,
422,533,-0.339727539,,,,
468,555,-0.241701521,,,,
516,568,-0.146235422,,,,
567,576,-0.047673773,,,,
621,574,0.055498505,,,,
672,569,0.153521294,,,,
714,556,0.237495173,,,,
760,536,0.334095606,,,,
802,511,0.429086908,,,,
834,488,0.506708945,,,,
856,472,0.561163412,,,,
874,458,0.607079975,,,,
887,444,0.645131764,,,,
894,436,0.666429113,,,,
894,436,0.666429113,,,,
888,443,0.647987212,,,,
876,456,0.612716672,,,,
858,471,0.565647469,,,,
837,486,0.513919681,,,,
806,509,0.437944051,,,,
764,533,0.343418989,,,,
719,554,0.24778896,,,,
675,568,0.15948658,,,,
627,574,0.066949601,,,,
573,576,-0.036243664,,,,
523,570,-0.132425078,,,,
475,558,-0.227231811,,,,
430,539,-0.321134412,,,,
388,513,-0.416613052,,,,
352,490,-0.501264265,,,,
328,471,-0.562237998,,,,
311,455,-0.608891716,,,,
299,443,-0.643091776,,,,
291,436,-0.664818092,,,,
289,434,-0.670576969,,,,
294,439,-0.65619494,,,,
304,448,-0.628796286,,,,
318,462,-0.589127462,,,,
339,480,-0.53386561,,,,
369,502,-0.460085736,,,,
410,526,-0.366608223,,,,
453,549,-0.272710151,,,,
498,564,-0.181571711,,,,
547,574,-0.085994291,,,,
599,576,0.013357984,,,,
648,571,0.107483972,,,,
691,564,0.191002266,,,,
737,548,0.284413352,,,,
780,525,0.378317398,,,,
817,502,0.463647609,,,,
842,482,0.526627271,,,,
861,469,0.572911519,,,,
875,456,0.611058135,,,,
885,446,0.639427812,,,,
888,443,0.647987212,,,,
884,447,0.636579395,,,,
874,457,0.60823593,,,,
859,470,0.568430159,,,,
840,484,0.521138143,,,,
813,505,0.453887493,,,,
775,528,0.367033048,,,,
730,550,0.270325346,,,,
686,565,0.181225476,,,,
643,571,0.097951425,,,,
593,576,0.001908395,,,,
542,573,-0.095676278,,,,
495,564,-0.187234073,,,,
450,549,-0.278299659,,,,
410,527,-0.365903545,,,,
371,503,-0.455633533,,,,
342,483,-0.525618516,,,,
322,466,-0.577901937,,,,
308,453,-0.616227743,,,,
300,445,-0.639007675,,,,
296,441,-0.650456807,,,,
299,444,-0.641866456,,,,
306,451,-0.621907074,,,,
318,463,-0.588002604,,,,
337,479,-0.538350538,,,,
363,498,-0.474351928,,,,
401,521,-0.386740253,,,,
442,545,-0.29536012,,,,
486,561,-0.205316933,,,,
533,572,-0.112978382,,,,
582,577,-0.019045316,,,,
631,574,0.074574093,,,,
677,568,0.16326248,,,,
719,554,0.24778896,,,,
762,535,0.33842597,,,,
800,513,0.423845632,,,,
829,493,0.493129681,,,,
850,477,0.545593652,,,,
865,466,0.582969089,,,,
876,456,0.612716672,,,,
881,451,0.62685628,,,,
879,453,0.621192437,,,,
871,461,0.598646459,,,,
858,472,0.564569394,,,,
840,484,0.521138143,,,,
815,504,0.458323791,,,,
781,525,0.380141813,,,,
740,547,0.290529839,,,,
696,563,0.200780278,,,,
654,571,0.118897052,,,,
608,576,0.030524867,,,,
557,575,-0.066821971,,,,
510,568,-0.157596902,,,,
466,555,-0.24544639,,,,
424,536,-0.334095606,,,,
386,513,-0.420235186,,,,
354,492,-0.495836845,,,,
333,476,-0.548358581,,,,
317,462,-0.590811585,,,,
308,453,-0.616227743,,,,
303,449,-0.629245455,,,,
304,450,-0.626401798,,,,
310,455,-0.610559409,,,,
321,465,-0.580703463,,,,
338,480,-0.535595279,,,,
362,498,-0.47612468,,,,
397,519,-0.395551113,,,,
436,542,-0.308221245,,,,
477,559,-0.223050307,,,,
522,571,-0.134065727,,,,
570,577,-0.041880259,,,,
620,576,0.053384343,,,,
666,570,0.141897055,,,,
705,560,0.218877366,,,,
748,544,0.307045732,,,,
786,522,0.391462842,,,,
818,502,0.465423806,,,,
840,485,0.520140397,,,,
856,473,0.560092488,,,,
867,464,0.588562514,,,,
873,458,0.605416573,,,,
873,458,0.605416573,,,,
867,464,0.588562514,,,,
855,474,0.557320271,,,,
839,486,0.517407418,,,,
816,504,0.460101525,,,,
783,524,0.384518026,,,,
745,545,0.300920234,,,,
702,561,0.212836894,,,,
663,571,0.1359576,,,,
618,576,0.049577661,,,,
568,576,-0.04576954,,,,
521,571,-0.1359576,,,,
478,559,-0.221173637,,,,
438,544,-0.303347724,,,,
400,522,-0.387821536,,,,
367,501,-0.464538081,,,,
342,484,-0.524613257,,,,
326,470,-0.566729218,,,,
315,461,-0.595301744,,,,
310,456,-0.609395736,,,,
310,456,-0.609395736,,,,
314,460,-0.598114618,,,,
325,469,-0.569517314,,,,
340,482,-0.530096398,,,,
363,499,-0.473442487,,,,
396,519,-0.397373131,,,,
433,541,-0.314370615,,,,
473,558,-0.230980511,,,,
516,570,-0.145678776,,,,
563,576,-0.055287111,,,,
612,576,0.038149421,,,,
655,571,0.120796291,,,,
694,564,0.196644245,,,,
736,549,0.282016127,,,,
774,529,0.364501923,,,,
807,510,0.438895813,,,,
831,492,0.497593456,,,,
847,480,0.537321403,,,,
859,471,0.567346692,,,,
866,465,0.585764219,,,,
867,465,0.587443632,,,,
862,469,0.574603071,,,,
851,477,0.54731119,,,,
836,489,0.50923318,,,,
815,505,0.457447511,,,,
783,525,0.383782667,,,,
746,545,0.302769368,,,,
705,560,0.218877366,,,,
668,571,0.145402028,,,,
624,575,0.061109287,,,,
575,577,-0.032369642,,,,
530,572,-0.118670546,,,,
487,562,-0.203045217,,,,
447,548,-0.284413352,,,,
411,528,-0.363367282,,,,
377,508,-0.440581603,,,,
351,491,-0.502055878,,,,
334,478,-0.544551708,,,,
323,468,-0.574005757,,,,
317,463,-0.589685159,,,,
316,462,-0.592491911,,,,
320,465,-0.582394137,,,,
329,474,-0.557320271,,,,
344,485,-0.520140397,,,,
367,502,-0.463647609,,,,
398,521,-0.392214587,,,,
433,541,-0.314370615,,,,
472,558,-0.232852392,,,,
513,569,-0.151631739,,,,
558,576,-0.064794667,,,,
606,577,0.026660348,,,,
649,571,0.109388186,,,,
688,566,0.184643063,,,,
727,552,0.263711834,,,,
766,534,0.346436896,,,,
798,516,0.41782433,,,,
823,499,0.476980152,,,,
840,486,0.519146114,,,,
852,477,0.54902514,,,,
859,471,0.567346692,,,,
860,470,0.570127413,,,,
856,474,0.55902521,,,,
846,481,0.534571614,,,,
831,493,0.496641875,,,,
810,508,0.445950342,,,,
780,526,0.377593057,,,,
744,546,0.298498932,,,,
705,561,0.218460916,,,,
669,571,0.147287838,,,,
625,576,0.062894039,,,,
579,577,-0.024756846,,,,
534,573,-0.110867881,,,,
492,564,-0.192884312,,,,
453,551,-0.271670215,,,,
418,533,-0.34710072,,,,
384,513,-0.423845632,,,,
358,496,-0.485034722,,,,
341,483,-0.527352844,,,,
329,474,-0.557320271,,,,
323,469,-0.572911519,,,,
322,468,-0.575698974,,,,
326,471,-0.565647469,,,,
335,479,-0.541795962,,,,
349,490,-0.506516771,,,,
372,505,-0.452102829,,,,
402,524,-0.382696155,,,,
436,543,-0.307632401,,,,
474,558,-0.22910698,,,,
514,570,-0.149456306,,,,
558,576,-0.064794667,,,,
603,577,0.020949316,,,,
646,572,0.103475258,,,,
684,567,0.17677606,,,,
722,554,0.253397547,,,,
759,538,0.330981061,,,,
791,520,0.402051618,,,,
816,504,0.460101525,,,,
834,491,0.503804581,,,,
846,482,0.533551476,,,,
853,477,0.550735503,,,,
854,476,0.553495149,,,,
850,480,0.542478523,,,,
840,486,0.519146114,,,,
826,497,0.484107387,,,,
805,512,0.433647786,,,,
775,530,0.365630842,,,,
740,548,0.289976411,,,,
702,562,0.212432021,,,,
668,571,0.145402028,,,,
625,576,0.062894039,,,,
579,578,-0.024709799,,,,
536,574,-0.106870954,,,,
495,565,-0.186877541,,,,
457,552,-0.263711834,,,,
422,536,-0.337778775,,,,
390,517,-0.409812751,,,,
365,501,-0.468092024,,,,
347,488,-0.511953778,,,,
336,480,-0.539043985,,,,
330,475,-0.554551617,,,,
329,474,-0.557320271,,,,
332,477,-0.54902514,,,,
341,484,-0.526345593,,,,
355,495,-0.491245231,,,,
378,510,-0.437105171,,,,
409,528,-0.367033048,,,,
441,546,-0.296648663,,,,
478,560,-0.220752276,,,,
517,571,-0.143515176,,,,
559,577,-0.062774555,,,,
604,578,0.022809732,,,,
646,573,0.103278059,,,,
683,567,0.174893732,,,,
721,555,0.251050518,,,,
756,540,0.324207552,,,,
787,523,0.392527656,,,,
812,508,0.449514275,,,,
829,495,0.491245231,,,,
840,487,0.51815528,,,,
846,483,0.532534851,,,,
847,482,0.535273748,,,,
843,485,0.525341822,,,,
834,492,0.502843211,,,,
819,503,0.466304822,,,,
797,517,0.415227336,,,,
768,533,0.350772669,,,,
735,550,0.279625215,,,,
697,564,0.20227357,,,,
662,572,0.133810977,,,,
622,577,0.057080782,,,,
577,578,-0.028509384,,,,
535,574,-0.108764479,,,,
495,566,-0.186522348,,,,
458,553,-0.261347641,,,,
424,538,-0.332820213,,,,
394,520,-0.400240657,,,,
370,505,-0.455669055,,,,
352,493,-0.498392979,,,,
341,485,-0.525341822,,,,
336,481,-0.538016484,,,,
335,480,-0.540763025,,,,
339,483,-0.530811011,,,,
348,490,-0.508260844,,,,
363,501,-0.471633242,,,,
386,515,-0.418625051,,,,
416,532,-0.351444794,,,,
448,549,-0.282016127,,,,
483,562,-0.210557643,,,,
522,572,-0.133810977,,,,
564,577,-0.053282852,,,,
608,578,0.030408874,,,,
647,573,0.105176669,,,,
683,567,0.174893732,,,,
720,555,0.249184246,,,,
754,542,0.319299579,,,,
784,525,0.385599094,,,,
808,511,0.439842583,,,,
824,499,0.478744153,,,,
835,491,0.505549919,,,,
841,488,0.518899079,,,,
841,488,0.518899079,,,,
837,491,0.509030496,,,,
827,497,0.485866174,,,,
812,509,0.44865755,,,,
789,523,0.396147153,,,,
760,538,0.332820213,,,,
726,553,0.261347641,,,,
691,566,0.190276909,,,,
655,572,0.120566237,,,,
617,577,0.047583103,,,,
573,578,-0.036105975,,,,
532,574,-0.114440305,,,,
493,565,-0.190638906,,,,
458,553,-0.261347641,,,,
425,539,-0.330349851,,,,
397,522,-0.393279405,,,,
374,508,-0.445950342,,,,
356,496,-0.48855349,,,,
346,489,-0.512715335,,,,
342,486,-0.522613163,,,,
342,486,-0.522613163,,,,
346,489,-0.512715335,,,,
355,496,-0.490307957,,,,
373,507,-0.448591174,,,,
396,521,-0.395850441,,,,
424,538,-0.332820213,,,,
456,553,-0.265069418,,,,
491,565,-0.194394819,,,,
530,573,-0.118444898,,,,
570,578,-0.041800732,,,,
614,577,0.041880259,,,,
651,572,0.112978382,,,,
686,567,0.18053691,,,,
721,555,0.251050518,,,,
754,542,0.319299579,,,,
782,527,0.380506377,,,,
805,513,0.432820374,,,,
820,503,0.468072359,,,,
830,496,0.492059145,,,,
835,493,0.503626296,,,,
835,493,0.503626296,,,,
829,496,0.490307957,,,,
819,504,0.465415954,,,,
802,515,0.425813559,,,,
779,529,0.373619933,,,,
751,544,0.3125765,,,,
718,557,0.24451268,,,,
683,568,0.174561641,,,,
647,573,0.105176669,,,,
610,578,0.034207184,,,,
567,578,-0.047492777,,,,
527,573,-0.124118755,,,,
490,565,-0.196270701,,,,
456,553,-0.265069418,,,,
425,539,-0.330349851,,,,
398,523,-0.390713824,,,,
376,510,-0.440683449,,,,
360,500,-0.477831055,,,,
351,493,-0.50014075,,,,
348,491,-0.507291891,,,,
348,491,-0.507291891,,,,
353,494,-0.495693625,,,,
364,502,-0.468966708,,,,
382,513,-0.427444353,,,,
406,527,-0.373225836,,,,
434,543,-0.311327878,,,,
466,557,-0.24451268,,,,
501,568,-0.174561641,,,,
539,575,-0.100993656,,,,
578,579,-0.026559218,,,,
620,578,0.053181744,,,,
658,572,0.126248035,,,,
690,566,0.1884003,,,,
724,554,0.257127598,,,,
755,541,0.321750554,,,,
782,527,0.380506377,,,,
803,515,0.42760342,,,,
817,506,0.460117174,,,,
826,500,0.481344876,,,,
829,497,0.489373964,,,,
828,498,0.486693174,,,,
822,502,0.472496936,,,,
810,510,0.44424969,,,,
793,521,0.404891786,,,,
769,535,0.351262279,,,,
740,549,0.289425028,,,,
707,561,0.2222025,,,,
675,570,0.158881132,,,,
638,575,0.087728356,,,,
599,579,0.013281951,,,,
559,578,-0.062655524,,,,
521,573,-0.135442061,,,,
485,564,-0.206019268,,,,
453,552,-0.271153142,,,,
424,538,-0.332820213,,,,
398,524,-0.389967521,,,,
378,511,-0.436269293,,,,
364,502,-0.468966708,,,,
356,497,-0.4876217,,,,
354,495,-0.492998608,,,,
355,496,-0.490307957,,,,
361,501,-0.475161715,,,,
374,509,-0.4450985,,,,
392,520,-0.403859795,,,,
418,534,-0.346436896,,,,
445,549,-0.287575831,,,,
477,561,-0.2222025,,,,
512,571,-0.15293889,,,,
549,577,-0.081722346,,,,
588,579,-0.007589987,,,,
627,577,0.066568164,,,,
665,572,0.139473143,,,,
696,565,0.200018259,,,,
727,553,0.263209462,,,,
757,540,0.326047643,,,,
782,528,0.37978174,,,,
801,516,0.423212317,,,,
814,508,0.453065993,,,,
821,503,0.469836743,,,,
823,502,0.47425729,,,,
821,503,0.469836743,,,,
814,508,0.453065993,,,,
801,517,0.422406739,,,,
782,528,0.37978174,,,,
757,541,0.325427008,,,,
727,554,0.262708956,,,,
695,566,0.197769671,,,,
664,572,0.137586736,,,,
628,577,0.068464256,,,,
588,579,-0.007589987,,,,
550,577,-0.079829986,,,,
513,571,-0.151056281,,,,
479,562,-0.218046022,,,,
449,550,-0.279625215,,,,
421,537,-0.338969025,,,,
398,523,-0.390713824,,,,
380,513,-0.431031314,,,,
367,505,-0.460995095,,,,
361,501,-0.475161715,,,,
360,500,-0.477831055,,,,
362,502,-0.472496936,,,,
370,507,-0.4539306,,,,
384,516,-0.421419207,,,,
405,528,-0.374333616,,,,
429,541,-0.321750554,,,,
457,554,-0.262708956,,,,
489,565,-0.198145185,,,,
524,573,-0.129784592,,,,
561,578,-0.058867268,,,,
599,580,0.013256799,,,,
636,576,0.083772944,,,,
673,572,0.154527396,,,,
702,564,0.211626809,,,,
732,552,0.273008703,,,,
760,539,0.332186026,,,,
783,528,0.381592546,,,,
800,518,0.419816051,,,,
811,511,0.445180052,,,,
816,507,0.457474848,,,,
817,507,0.459242351,,,,
813,509,0.450432519,,,,
805,515,0.431174393,,,,
790,523,0.397952807,,,,
769,535,0.351262279,,,,
744,548,0.297365145,,,,
715,559,0.238005275,,,,
683,569,0.174230795,,,,
651,574,0.112549168,,,,
616,578,0.045595753,,,,
577,579,-0.028455315,,,,
540,576,-0.098912795,,,,
505,569,-0.166716566,,,,
473,560,-0.230102959,,,,
444,549,-0.289425028,,,,
419,536,-0.343285686,,,,
397,523,-0.392527656,,,,
381,514,-0.428419898,,,,
371,508,-0.451291662,,,,
366,505,-0.462764217,,,,
366,505,-0.462764217,,,,
370,507,-0.4539306,,,,
380,513,-0.431031314,,,,
396,523,-0.394338767,,,,
418,535,-0.345775506,,,,
442,548,-0.293674905,,,,
471,559,-0.234276419,,,,
503,569,-0.170476111,,,,
537,576,-0.104578906,,,,
574,579,-0.034142325,,,,
613,578,0.039902763,,,,
647,574,0.10497666,,,,
680,570,0.168277578,,,,
709,561,0.225937769,,,,
738,551,0.284640393,,,,
763,538,0.338323623,,,,
783,528,0.381592546,,,,
798,519,0.415439376,,,,
807,513,0.43638963,,,,
811,511,0.445180052,,,,
810,511,0.443403896,,,,
805,514,0.431995914,,,,
794,521,0.406691733,,,,
777,531,0.368572043,,,,
755,542,0.321138185,,,,
729,554,0.266420598,,,,
700,565,0.207496226,,,,
672,572,0.152649328,,,,
637,577,0.085505294,,,,
602,580,0.01893713,,,,
564,579,-0.05308102,,,,
529,575,-0.119881278,,,,
495,567,-0.186168487,,,,
465,558,-0.245908463,,,,
438,547,-0.301619046,,,,
416,534,-0.350103004,,,,
396,523,-0.394338767,,,,
382,515,-0.425813559,,,,
374,510,-0.44424969,,,,
371,509,-0.450432519,,,,
373,509,-0.446879543,,,,
379,513,-0.432820374,,,,
391,520,-0.405665181,,,,
409,531,-0.364933569,,,,
430,543,-0.31869246,,,,
456,554,-0.26456571,,,,
485,564,-0.206019268,,,,
517,572,-0.143242949,,,,
552,578,-0.075899545,,,,
588,580,-0.007575613,,,,
625,578,0.062655524,,,,
658,574,0.125769421,,,,
687,568,0.182069657,,,,
718,558,0.244048431,,,,
743,548,0.295521062,,,,
766,537,0.344459971,,,,
784,527,0.384130863,,,,
796,520,0.411064547,,,,
804,516,0.428574278,,,,
806,515,0.432955496,,,,
803,516,0.426789857,,,,
796,521,0.410283262,,,,
783,528,0.381592546,,,,
765,538,0.34198078,,,,
742,549,0.29311731,,,,
716,559,0.239867183,,,,
685,569,0.177980524,,,,
656,574,0.121996508,,,,
623,578,0.058867268,,,,
587,580,-0.009469414,,,,
552,578,-0.075899545,,,,
518,573,-0.14109082,,,,
486,565,-0.203760131,,,,
458,555,-0.260354898,,,,
433,544,-0.3125765,,,,
413,533,-0.356262124,,,,
395,523,-0.396147153,,,,
384,517,-0.420616193,,,,
378,513,-0.43460648,,,,
377,513,-0.43638963,,,,
380,515,-0.429390366,,,,
389,520,-0.409267563,,,,
403,528,-0.377968311,,,,
422,538,-0.336491501,,,,
445,550,-0.287029596,,,,
471,560,-0.233831888,,,,
500,569,-0.176106285,,,,
533,575,-0.112335776,,,,
567,579,-0.047402793,,,,
603,580,0.02083032,,,,
636,577,0.08361412,,,,
670,573,0.148608363,,,,
697,566,0.201507686,,,,
724,556,0.256151383,,,,
749,546,0.307718529,,,,
769,536,0.350594609,,,,
784,527,0.384130863,,,,
794,522,0.40591848,,,,
799,519,0.417230492,,,,
799,519,0.417230492,,,,
795,521,0.408488893,,,,
786,527,0.38774476,,,,
771,535,0.354907931,,,,
751,545,0.311982855,,,,
726,555,0.260354898,,,,
699,566,0.205240001,,,,
673,572,0.154527396,,,,
641,576,0.093240305,,,,
608,579,0.030351208,,,,
572,580,-0.037860687,,,,
538,577,-0.102496699,,,,
506,571,-0.164211178,,,,
477,562,-0.221780969,,,,
451,552,-0.274862338,,,,
428,542,-0.322974544,,,,
410,532,-0.362418625,,,,
395,524,-0.395392714,,,,
386,519,-0.415439376,,,,
383,517,-0.422406739,,,,
384,517,-0.420616193,,,,
389,520,-0.409267563,,,,
400,526,-0.384863648,,,,
416,535,-0.349435787,,,,
436,546,-0.305878871,,,,
460,556,-0.256151383,,,,
487,565,-0.201889912,,,,
517,573,-0.142971745,,,,
549,578,-0.081567669,,,,
583,580,-0.017043804,,,,
619,579,0.05118864,,,,
649,575,0.108558148,,,,
679,570,0.166400633,,,,
706,563,0.219497618,,,,
731,554,0.270124736,,,,
754,544,0.318087567,,,,
772,535,0.356727076,,,,
784,528,0.383400725,,,,
792,524,0.400793449,,,,
794,522,0.40591848,,,,
792,523,0.401555899,,,,
786,527,0.38774476,,,,
774,533,0.361729242,,,,
757,542,0.324808649,,,,
736,552,0.280411588,,,,
712,561,0.231528639,,,,
684,569,0.176106285,,,,
655,574,0.120108736,,,,
625,578,0.062655524,,,,
590,580,-0.003787861,,,,
557,579,-0.066316275,,,,
525,575,-0.127413089,,,,
495,568,-0.18581595,,,,
468,559,-0.239867183,,,,
444,550,-0.288875679,,,,
424,540,-0.331554162,,,,
408,531,-0.366754077,,,,
396,525,-0.392837997,,,,
390,521,-0.406691733,,,,
388,520,-0.411064547,,,,
391,522,-0.404121173,,,,
399,526,-0.386674659,,,,
413,534,-0.355583793,,,,
429,543,-0.320528061,,,,
451,553,-0.274340851,,,,
476,562,-0.223646093,,,,
503,570,-0.170153328,,,,
534,576,-0.110238285,,,,
566,580,-0.049202681,,,,
599,581,0.013231742,,,,
632,578,0.075899545,,,,
663,574,0.135185746,,,,
689,568,0.18581595,,,,
716,560,0.239412858,,,,
739,551,0.286485375,,,,
758,542,0.326640491,,,,
773,534,0.359225319,,,,
783,529,0.380867779,,,,
788,526,0.392091666,,,,
788,526,0.392091666,,,,
784,528,0.383400725,,,,
775,533,0.363546618,,,,
761,540,0.333385057,,,,
743,549,0.294960376,,,,
720,558,0.24776676,,,,
694,567,0.1955278,,,,
670,573,0.148608363,,,,
639,577,0.08928579,,,,
608,580,0.03029376,,,,
574,580,-0.034077712,,,,
542,577,-0.094951706,,,,
511,572,-0.154527396,,,,
484,565,-0.207496226,,,,
459,556,-0.258007242,,,,
437,547,-0.303459911,,,,
420,538,-0.340153385,,,,
407,531,-0.368572043,,,,
398,526,-0.388483003,,,,
394,524,-0.397195684,,,,
394,524,-0.397195684,,,,
400,527,-0.384130863,,,,
411,533,-0.359909363,,,,
425,541,-0.329094364,,,,
444,550,-0.288875679,,,,
467,559,-0.241727397,,,,
492,567,-0.191788142,,,,
521,574,-0.135185746,,,,
552,579,-0.075756074,,,,
583,581,-0.017011591,,,,
617,580,0.047313149,,,,
647,575,0.104777407,,,,
676,572,0.160154961,,,,
700,566,0.207103993,,,,
724,557,0.255665989,,,,
745,549,0.298640314,,,,
761,540,0.333385057,,,,
774,534,0.361042361,,,,
781,530,0.37653241,,,,
783,529,0.380867779,,,,
781,530,0.37653241,,,,
775,534,0.362856913,,,,
763,540,0.337039883,,,,
747,547,0.303459911,,,,
727,556,0.261713502,,,,
703,565,0.213089339,,,,
679,571,0.166085884,,,,
650,575,0.110447358,,,,
621,580,0.054869113,,,,
589,581,-0.005671017,,,,
558,580,-0.064305155,,,,
527,575,-0.123648946,,,,
499,569,-0.177980524,,,,
474,562,-0.227371586,,,,
451,553,-0.274340851,,,,
432,545,-0.313819055,,,,
417,537,-0.346285507,,,,
406,531,-0.37038746,,,,
400,528,-0.383400725,,,,
399,527,-0.385939138,,,,
402,529,-0.379059724,,,,
411,534,-0.359225319,,,,
423,540,-0.333385057,,,,
439,548,-0.299207147,,,,
460,557,-0.255665989,,,,
484,565,-0.207496226,,,,
510,572,-0.156404366,,,,
539,577,-0.100611515,,,,
570,580,-0.041642579,,,,
602,581,0.01890134,,,,
632,578,0.075899545,,,,
661,575,0.131173605,,,,
685,570,0.177644122,,,,
711,562,0.229231933,,,,
731,554,0.270124736,,,,
750,547,0.308969753,,,,
764,540,0.338863798,,,,
773,535,0.358543759,,,,
777,533,0.367173834,,,,
777,533,0.367173834,,,,
773,535,0.358543759,,,,
764,540,0.338863798,,,,
750,546,0.309556037,,,,
731,554,0.270124736,,,,
711,562,0.229231933,,,,
686,570,0.17951371,,,,
662,574,0.133304355,,,,
633,578,0.077789481,,,,
603,581,0.020790955,,,,
571,581,-0.039676709,,,,
541,578,-0.096656046,,,,
513,573,-0.150485142,,,,
487,566,-0.201507686,,,,
464,558,-0.24776676,,,,
444,550,-0.288875679,,,,
428,543,-0.322361428,,,,
416,536,-0.348771004,,,,
408,532,-0.366056516,,,,
405,531,-0.37220032,,,,
406,531,-0.37038746,,,,
412,534,-0.357405794,,,,
422,540,-0.335213633,,,,
436,547,-0.305298657,,,,
455,555,-0.265915575,,,,
477,563,-0.221361008,,,,
501,570,-0.173901189,,,,
529,576,-0.119654677,,,,
558,580,-0.064305155,,,,
588,581,-0.007561293,,,,
620,580,0.052980676,,,,
647,576,0.104578906,,,,
675,573,0.157981458,,,,
697,567,0.201126886,,,,
720,559,0.247297768,,,,
738,552,0.284101282,,,,
754,545,0.317484889,,,,
764,539,0.339507414,,,,
771,536,0.354234525,,,,
773,535,0.358543759,,,,
770,537,0.351747677,,,,
763,540,0.337039883,,,,
751,546,0.311391388,,,,
735,553,0.278036015,,,,
716,560,0.239412858,,,,
693,568,0.193292636,,,,
672,574,0.152073457,,,,
643,577,0.096839005,,,,
615,581,0.043450895,,,,
584,581,-0.015121721,,,,
554,580,-0.071845823,,,,
526,576,-0.125294402,,,,
500,570,-0.175773278,,,,
476,563,-0.223222837,,,,
455,555,-0.265915575,,,,
438,548,-0.301047057,,,,
425,542,-0.328470062,,,,
416,537,-0.348108642,,,,
411,534,-0.359225319,,,,
410,534,-0.361042361,,,,
414,536,-0.352415785,,,,
423,540,-0.333385057,,,,
435,547,-0.307135274,,,,
451,554,-0.273821291,,,,
471,561,-0.233389011,,,,
494,569,-0.187332538,,,,
520,575,-0.136807358,,,,
548,579,-0.083298267,,,,
576,581,-0.030236529,,,,
608,581,0.030236529,,,,
635,579,0.081413575,,,,
662,575,0.133052472,,,,
685,570,0.177644122,,,,
708,563,0.223222837,,,,
727,556,0.261713502,,,,
744,550,0.296239687,,,,
756,544,0.321750554,,,,
764,540,0.338863798,,,,
768,538,0.34744869,,,,
767,539,0.344973762,,,,
761,541,0.332752555,,,,
751,546,0.311391388,,,,
737,553,0.281723401,,,,
720,559,0.247297768,,,,
699,567,0.204852543,,,,
677,573,0.161722967,,,,
651,576,0.112123189,,,,
625,580,0.06241881,,,,
595,582,0.005660317,,,,
566,581,-0.04910982,,,,
538,578,-0.102303197,,,,
512,573,-0.152360853,,,,
488,567,-0.199261926,,,,
466,560,-0.243125097,,,,
448,553,-0.279880685,,,,
434,546,-0.309556037,,,,
424,541,-0.330924609,,,,
417,538,-0.34562844,,,,
415,537,-0.349929368,,,,
417,538,-0.34562844,,,,
424,541,-0.330924609,,,,
435,547,-0.307135274,,,,
449,553,-0.278036015,,,,
467,560,-0.241269825,,,,
488,567,-0.199261926,,,,
513,573,-0.150485142,,,,
539,578,-0.100421523,,,,
567,581,-0.047223843,,,,
595,582,0.005660317,,,,
624,580,0.06053202,,,,
650,576,0.110238285,,,,
676,573,0.159852777,,,,
697,568,0.200747503,,,,
718,560,0.243125097,,,,
734,554,0.2756667,,,,
747,548,0.302884868,,,,
757,544,0.323578706,,,,
762,541,0.334578195,,,,
762,541,0.334578195,,,,
759,543,0.32784804,,,,
750,547,0.308969753,,,,
738,552,0.284101282,,,,
722,558,0.251478107,,,,
703,566,0.212687169,,,,
682,571,0.171702891,,,,
659,576,0.12717255,,,,
632,579,0.075756074,,,,
606,581,0.026458852,,,,
577,581,-0.028347792,,,,
549,579,-0.081413575,,,,
523,575,-0.131173605,,,,
498,570,-0.17951371,,,,
476,563,-0.223222837,,,,
458,557,-0.259369499,,,,
443,550,-0.290719739,,,,
431,545,-0.315653069,,,,
424,541,-0.330924609,,,,
420,540,-0.338863798,,,,
421,540,-0.337039883,,,,
426,543,-0.326021425,,,,
435,547,-0.307135274,,,,
448,553,-0.279880685,,,,
464,559,-0.247297768,,,,
484,566,-0.207103993,,,,
507,572,-0.162028563,,,,
532,577,-0.113792007,,,,
558,581,-0.064183929,,,,
586,582,-0.011320271,,,,
615,581,0.043450895,,,,
640,578,0.091002705,,,,
665,575,0.138683354,,,,
686,570,0.17951371,,,,
707,564,0.220942609,,,,
724,558,0.255182391,,,,
739,552,0.285943158,,,,
749,548,0.306554156,,,,
756,545,0.321141912,,,,
758,544,0.325404619,,,,
755,545,0.319314506,,,,
749,548,0.306554156,,,,
738,553,0.283564154,,,,
724,558,0.255182391,,,,
706,565,0.218668946,,,,
685,570,0.177644122,,,,
664,575,0.136807358,,,,
639,578,0.089116943,,,,
614,581,0.04156395,,,,
586,582,-0.011320271,,,,
559,581,-0.062301121,,,,
533,577,-0.111911401,,,,
508,573,-0.159852777,,,,
487,567,-0.201126886,,,,
467,560,-0.241269825,,,,
451,554,-0.273821291,,,,
439,549,-0.298640314,,,,
430,545,-0.317484889,,,,
426,543,-0.326021425,,,,
425,543,-0.32784804,,,,
429,544,-0.319920172,,,,
436,548,-0.304720571,,,,
448,553,-0.279880685,,,,
463,559,-0.249151101,,,,
481,565,-0.213089339,,,,
502,571,-0.171702891,,,,
526,576,-0.125294402,,,,
552,580,-0.075613143,,,,
578,582,-0.026408953,,,,
605,582,0.024523385,,,,
631,580,0.073729745,,,,
656,576,0.121535453,,,,
678,573,0.163592016,,,,
698,568,0.202607724,,,,
717,561,0.240813949,,,,
730,556,0.267259098,,,,
742,551,0.292008265,,,,
749,548,0.306554156,,,,
753,546,0.315055584,,,,
752,547,0.312632266,,,,
746,549,0.300477168,,,,
737,553,0.281723401,,,,
724,558,0.255182391,,,,
708,564,0.222801154,,,,
689,570,0.185114823,,,,
670,575,0.148048354,,,,
646,577,0.102496699,,,,
621,581,0.054765598,,,,
593,582,0.00188679,,,,
567,582,-0.047134874,,,,
542,579,-0.094593508,,,,
517,575,-0.142432386,,,,
496,570,-0.183249072,,,,
476,564,-0.222801154,,,,
460,558,-0.255182391,,,,
447,553,-0.281723401,,,,
437,549,-0.302311934,,,,
431,546,-0.315055584,,,,
430,545,-0.317484889,,,,
432,546,-0.313224573,,,,
439,549,-0.298640314,,,,
449,553,-0.278036015,,,,
462,559,-0.251002687,,,,
479,565,-0.216810596,,,,
499,570,-0.177644122,,,,
521,576,-0.134675998,,,,
545,579,-0.088948732,,,,
570,582,-0.041485618,,,,
596,583,0.007532814,,,,
623,581,0.058534192,,,,
647,577,0.104381153,,,,
671,575,0.149918273,,,,
689,570,0.185114823,,,,
707,564,0.220942609,,,,
723,559,0.252852516,,,,
734,554,0.2756667,,,,
743,551,0.293845179,,,,
747,549,0.302311934,,,,
747,549,0.302311934,,,,
743,551,0.293845179,,,,
735,554,0.277510185,,,,
724,558,0.255182391,,,,
709,564,0.224658135,,,,
691,570,0.188842403,,,,
673,574,0.153944664,,,,
650,577,0.11003,,,,
627,580,0.066191042,,,,
600,583,0.015064774,,,,
575,582,-0.032064478,,,,
550,580,-0.079378315,,,,
526,577,-0.125058229,,,,
504,572,-0.167642438,,,,
484,567,-0.206713218,,,,
468,561,-0.238960217,,,,
454,556,-0.267259098,,,,
444,552,-0.287783042,,,,
437,549,-0.302311934,,,,
435,547,-0.307135274,,,,
436,548,-0.304720571,,,,
441,550,-0.294401752,,,,
450,554,-0.2756667,,,,
463,559,-0.249151101,,,,
478,565,-0.218668946,,,,
496,570,-0.183249072,,,,
518,575,-0.140558367,,,,
541,579,-0.096473775,,,,
565,582,-0.050899395,,,,
590,583,-0.003766461,,,,
616,582,0.045252105,,,,
639,579,0.088948732,,,,
662,576,0.132801532,,,,
682,572,0.171379126,,,,
699,567,0.204852543,,,,
715,562,0.23665708,,,,
727,557,0.261218535,,,,
736,554,0.279351736,,,,
742,552,0.291456794,,,,
743,551,0.293845179,,,,
740,552,0.287783042,,,,
733,555,0.273303645,,,,
723,559,0.252852516,,,,
709,564,0.224658135,,,,
692,570,0.19070421,,,,
676,574,0.159551721,,,,
654,577,0.117550782,,,,
631,580,0.073729745,,,,
608,582,0.030179513,,,,
582,583,-0.018830166,,,,
557,581,-0.066066282,,,,
534,578,-0.109822497,,,,
512,574,-0.152073457,,,,
492,569,-0.191064173,,,,
475,564,-0.224658135,,,,
461,559,-0.252852516,,,,
451,555,-0.273303645,,,,
443,552,-0.289620924,,,,
440,550,-0.296239687,,,,
440,550,-0.296239687,,,,
444,552,-0.287783042,,,,
452,555,-0.271459461,,,,
463,560,-0.248680636,,,,
477,565,-0.220525762,,,,
495,570,-0.185114823,,,,
515,575,-0.146177392,,,,
536,579,-0.105864593,,,,
560,582,-0.060304151,,,,
584,583,-0.015064774,,,,
610,582,0.033949215,,,,
632,580,0.075613143,,,,
654,577,0.117550782,,,,
676,574,0.159551721,,,,
691,570,0.188842403,,,,
708,565,0.222381034,,,,
721,560,0.248680636,,,,
730,556,0.267259098,,,,
736,554,0.279351736,,,,
738,553,0.283564154,,,,
736,554,0.279351736,,,,
730,556,0.267259098,,,,
721,560,0.248680636,,,,
709,564,0.224658135,,,,
693,570,0.19256468,,,,
677,574,0.161418511,,,,
657,577,0.123182662,,,,
634,580,0.079378315,,,,
613,582,0.039601926,,,,
588,583,-0.007532814,,,,
563,582,-0.054662472,,,,
540,579,-0.098353358,,,,
519,576,-0.138422062,,,,
499,571,-0.177308976,,,,
482,566,-0.210827588,,,,
468,562,-0.238509252,,,,
457,557,-0.261218535,,,,
449,554,-0.277510185,,,,
445,552,-0.285943158,,,,
445,552,-0.285943158,,,,
448,554,-0.279351736,,,,
454,556,-0.267259098,,,,
465,560,-0.244978663,,,,
478,565,-0.218668946,,,,
494,570,-0.18697927,,,,
513,575,-0.149918273,,,,
533,579,-0.111490207,,,,
556,581,-0.067948165,,,,
580,583,-0.022595024,,,,
603,583,0.020712668,,,,
627,581,0.066066282,,,,
648,578,0.106064352,,,,
669,575,0.146177392,,,,
685,572,0.176975079,,,,
701,567,0.208572442,,,,
714,563,0.23436041,,,,
724,559,0.254700579,,,,
730,557,0.266754646,,,,
733,555,0.273303645,,,,
732,556,0.27094685,,,,
727,558,0.260725393,,,,
720,561,0.246364984,,,,
708,565,0.222381034,,,,
693,570,0.19256468,,,,
678,574,0.163284167,,,,
659,577,0.126932912,,,,
638,580,0.086901791,,,,
616,582,0.045252105,,,,
592,583,0,,,,
569,583,-0.043287443,,,,
547,580,-0.085021813,,,,
525,577,-0.126932912,,,,
506,573,-0.163592016,,,,
489,569,-0.196651512,,,,
475,564,-0.224658135,,,,
463,560,-0.248680636,,,,
455,557,-0.264911118,,,,
450,555,-0.275145924,,,,
449,554,-0.277510185,,,,
451,555,-0.273303645,,,,
457,558,-0.260725393,,,,
466,561,-0.242665994,,,,
479,565,-0.216810596,,,,
494,570,-0.18697927,,,,
512,574,-0.152073457,,,,
531,578,-0.115453848,,,,
553,581,-0.073590873,,,,
575,583,-0.032004135,,,,
597,584,0.00939822,,,,
621,582,0.054662472,,,,
642,579,0.094593508,,,,
662,577,0.132551532,,,,
679,573,0.165459913,,,,
694,570,0.1944238,,,,
708,565,0.222381034,,,,
718,561,0.242665994,,,,
725,559,0.256546865,,,,
728,558,0.262569441,,,,
728,558,0.262569441,,,,
724,559,0.254700579,,,,
717,562,0.240359758,,,,
706,566,0.218256915,,,,
693,570,0.19256468,,,,
678,574,0.163284167,,,,
660,577,0.128806699,,,,
640,580,0.090659887,,,,
620,582,0.052781121,,,,
596,584,0.007518655,,,,
574,583,-0.03388533,,,,
552,581,-0.07547075,,,,
532,578,-0.11357753,,,,
512,575,-0.151787136,,,,
495,570,-0.185114823,,,,
481,566,-0.212687169,,,,
469,562,-0.23665708,,,,
461,559,-0.252852516,,,,
455,557,-0.264911118,,,,
453,556,-0.269103912,,,,
455,557,-0.264911118,,,,
460,559,-0.254700579,,,,
468,562,-0.238509252,,,,
480,566,-0.214545258,,,,
494,570,-0.18697927,,,,
511,574,-0.153944664,,,,
529,578,-0.119204022,,,,
550,581,-0.079228889,,,,
571,583,-0.039527424,,,,
593,584,0.001879697,,,,
616,582,0.045252105,,,,
636,581,0.082984786,,,,
656,578,0.121077853,,,,
675,575,0.157387269,,,,
688,571,0.182903821,,,,
701,567,0.208572442,,,,
712,564,0.230219587,,,,
720,561,0.246364984,,,,
723,560,0.252375662,,,,
724,560,0.254220544,,,,
721,561,0.248211908,,,,
714,563,0.23436041,,,,
704,567,0.214141296,,,,
692,570,0.19070421,,,,
678,574,0.163284167,,,,
661,577,0.130679576,,,,
642,580,0.094415418,,,,
622,582,0.056543437,,,,
600,584,0.015036461,,,,
578,584,-0.026309717,,,,
557,582,-0.06594199,,,,
537,580,-0.10379234,,,,
518,576,-0.140293635,,,,
501,572,-0.173245666,,,,
487,568,-0.200747503,,,,
475,565,-0.224234751,,,,
466,561,-0.242665994,,,,
460,559,-0.254700579,,,,
458,558,-0.258879529,,,,
459,559,-0.256546865,,,,
463,561,-0.248211908,,,,
471,563,-0.232508178,,,,
482,567,-0.210430203,,,,
495,571,-0.184766216,,,,
511,575,-0.153654931,,,,
529,578,-0.119204022,,,,
548,581,-0.082984786,,,,
569,583,-0.043287443,,,,
590,584,-0.003759381,,,,
612,583,0.037646988,,,,
632,581,0.07547075,,,,
651,578,0.111700409,,,,
669,576,0.145902374,,,,
683,573,0.172919736,,,,
696,569,0.198511216,,,,
707,566,0.220110461,,,,
714,563,0.23436041,,,,
718,562,0.242208587,,,,
719,561,0.244516342,,,,
717,562,0.240359758,,,,
711,564,0.228367362,,,,
702,568,0.210034292,,,,
690,571,0.186627317,,,,
678,574,0.163284167,,,,
661,577,0.130679576,,,,
643,580,0.096292188,,,,
624,582,0.060304151,,,,
604,583,0.022595024,,,,
582,584,-0.018794779,,,,
561,582,-0.058424001,,,,
541,580,-0.096292188,,,,
523,577,-0.130679576,,,,
506,574,-0.163284167,,,,
492,570,-0.19070421,,,,
480,567,-0.214141296,,,,
471,564,-0.232070205,,,,
465,561,-0.244516342,,,,
463,560,-0.248680636,,,,
463,560,-0.248680636,,,,
467,562,-0.240359758,,,,
474,564,-0.226513541,,,,
484,568,-0.206323894,,,,
496,571,-0.182903821,,,,
511,575,-0.153654931,,,,
528,578,-0.121077853,,,,
547,581,-0.084861862,,,,
567,583,-0.047046239,,,,
587,584,-0.00939822,,,,
609,583,0.032004135,,,,
628,582,0.067820354,,,,
646,579,0.102110421,,,,
663,577,0.134422554,,,,
678,574,0.163284167,,,,
690,571,0.186627317,,,,
701,568,0.20817982,,,,
709,565,0.224234751,,,,
714,564,0.233919206,,,,
715,563,0.236211006,,,,
713,564,0.232070205,,,,
708,566,0.22196247,,,,
700,568,0.206323894,,,,
689,572,0.184418906,,,,
677,575,0.16111519,,,,
661,578,0.130433947,,,,
644,580,0.098168279,,,,
626,582,0.064063159,,,,
606,583,0.026359242,,,,
585,584,-0.013157135,,,,
565,583,-0.050803704,,,,
546,581,-0.086738339,,,,
528,579,-0.120850336,,,,
511,575,-0.153654931,,,,
497,572,-0.180699523,,,,
485,568,-0.204466525,,,,
477,566,-0.220110461,,,,
470,563,-0.23436041,,,,
467,562,-0.240359758,,,,
467,562,-0.240359758,,,,
471,564,-0.232070205,,,,
477,566,-0.220110461,,,,
486,569,-0.20222644,,,,
498,572,-0.178837928,,,,
512,575,-0.151787136,,,,
528,579,-0.120850336,,,,
546,581,-0.086738339,,,,
565,583,-0.050803704,,,,
585,584,-0.013157135,,,,
605,584,0.024431228,,,,
624,583,0.060190859,,,,
642,580,0.094415418,,,,
659,578,0.126694172,,,,
675,575,0.157387269,,,,
685,572,0.176975079,,,,
696,570,0.19813795,,,,
704,567,0.214141296,,,,
709,565,0.224234751,,,,
711,565,0.227937476,,,,
709,565,0.224234751,,,,
704,567,0.214141296,,,,
697,570,0.199992957,,,,
687,572,0.180699523,,,,
676,575,0.159251787,,,,
660,578,0.128564511,,,,
644,580,0.098168279,,,,
627,582,0.06594199,,,,
608,583,0.030122713,,,,
588,584,-0.007518655,,,,
569,584,-0.043206177,,,,
550,582,-0.079080023,,,,
532,579,-0.113363856,,,,
516,576,-0.144033803,,,,
502,573,-0.171056569,,,,
490,570,-0.1944238,,,,
482,567,-0.210430203,,,,
475,565,-0.224234751,,,,
472,564,-0.230219587,,,,
472,564,-0.230219587,,,,
474,565,-0.226086902,,,,
480,567,-0.214141296,,,,
489,570,-0.196281561,,,,
500,572,-0.175110988,,,,
513,576,-0.149636425,,,,
528,579,-0.120850336,,,,
545,581,-0.088614203,,,,
564,583,-0.052681905,,,,
583,584,-0.01691568,,,,
602,584,0.018794779,,,,
621,583,0.054559734,,,,
638,581,0.086738339,,,,
655,579,0.118979959,,,,
670,576,0.147769918,,,,
681,574,0.168874211,,,,
691,571,0.18848711,,,,
699,569,0.204081939,,,,
704,567,0.214141296,,,,
706,566,0.218256915,,,,
705,567,0.215994605,,,,
701,568,0.20817982,,,,
694,571,0.194058531,,,,
684,573,0.174781692,,,,
674,576,0.155229598,,,,
660,578,0.128564511,,,,
644,580,0.098168279,,,,
627,582,0.06594199,,,,
609,584,0.031944017,,,,
590,584,-0.003759381,,,,
571,584,-0.039453201,,,,
553,582,-0.073452521,,,,
536,580,-0.105665582,,,,
520,577,-0.13629263,,,,
507,574,-0.161418511,,,,
495,571,-0.184766216,,,,
486,569,-0.20222644,,,,
480,567,-0.214141296,,,,
477,566,-0.220110461,,,,
476,566,-0.22196247,,,,
478,566,-0.218256915,,,,
484,568,-0.206323894,,,,
491,570,-0.19256468,,,,
502,573,-0.171056569,,,,
515,576,-0.145902374,,,,
529,579,-0.118979959,,,,
545,581,-0.088614203,,,,
563,583,-0.054559734,,,,
581,584,-0.020673746,,,,
599,585,0.013132453,,,,
618,584,0.048833326,,,,
634,582,0.079080023,,,,
651,579,0.111490207,,,,
665,577,0.138161746,,,,
677,575,0.16111519,,,,
687,573,0.180360171,,,,
694,570,0.1944238,,,,
699,569,0.204081939,,,,
702,568,0.210034292,,,,
701,568,0.20817982,,,,
697,569,0.200369529,,,,
691,571,0.18848711,,,,
682,574,0.170735211,,,,
672,576,0.151501882,,,,
658,579,0.12458853,,,,
643,580,0.096292188,,,,
628,583,0.067693023,,,,
611,584,0.035699113,,,,
591,585,-0.00187617,,,,
573,584,-0.035699113,,,,
556,583,-0.067693023,,,,
540,581,-0.097983892,,,,
524,578,-0.128564511,,,,
511,576,-0.153366277,,,,
500,573,-0.174781692,,,,
491,570,-0.19256468,,,,
485,568,-0.204466525,,,,
481,567,-0.212286492,,,,
480,567,-0.214141296,,,,
482,568,-0.210034292,,,,
487,569,-0.200369529,,,,
495,571,-0.184766216,,,,
504,574,-0.167012029,,,,
516,577,-0.143763221,,,,
530,579,-0.117108745,,,,
546,582,-0.086575499,,,,
562,583,-0.056437178,,,,
580,584,-0.022552567,,,,
596,585,0.00750455,,,,
616,584,0.045082215,,,,
632,582,0.075328891,,,,
647,580,0.10379234,,,,
661,578,0.130433947,,,,
674,576,0.155229598,,,,
682,574,0.170735211,,,,
690,572,0.18627667,,,,
695,570,0.196281561,,,,
697,569,0.200369529,,,,
697,570,0.199992957,,,,
693,571,0.192202728,,,,
687,572,0.180699523,,,,
680,574,0.167012029,,,,
669,577,0.145628381,,,,
657,579,0.122719864,,,,
642,581,0.094237994,,,,
627,583,0.065818164,,,,
611,584,0.035699113,,,,
593,585,0.00187617,,,,
576,584,-0.030066125,,,,
559,583,-0.062067069,,,,
543,582,-0.092190759,,,,
528,579,-0.120850336,,,,
515,577,-0.145628381,,,,
504,574,-0.167012029,,,,
496,572,-0.182559853,,,,
489,570,-0.196281561,,,,
486,569,-0.20222644,,,,
485,569,-0.204081939,,,,
486,569,-0.20222644,,,,
491,571,-0.192202728,,,,
498,573,-0.178501921,,,,
507,575,-0.16111519,,,,
518,577,-0.140029892,,,,
532,580,-0.113150982,,,,
546,582,-0.086575499,,,,
562,584,-0.056331318,,,,
579,585,-0.024385409,,,,
595,585,0.005628458,,,,
614,584,0.041329835,,,,
629,583,0.069567405,,,,
644,581,0.097983892,,,,
657,579,0.122719864,,,,
669,577,0.145628381,,,,
678,575,0.162977465,,,,
685,573,0.176642424,,,,
690,572,0.18627667,,,,
693,571,0.192202728,,,,
693,571,0.192202728,,,,
690,572,0.18627667,,,,
684,573,0.174781692,,,,
677,575,0.16111519,,,,
667,577,0.141897055,,,,
655,579,0.118979959,,,,
641,581,0.092364044,,,,
627,583,0.065818164,,,,
611,584,0.035699113,,,,
593,585,0.00187617,,,,
577,585,-0.028135163,,,,
561,584,-0.058204859,,,,
546,582,-0.086575499,,,,
532,580,-0.113150982,,,,
519,578,-0.137902402,,,,
508,575,-0.159251787,,,,
500,573,-0.174781692,,,,
494,571,-0.186627317,,,,
490,570,-0.1944238,,,,
489,570,-0.196281561,,,,
490,570,-0.1944238,,,,
494,572,-0.18627667,,,,
501,574,-0.172595018,,,,
510,576,-0.155229598,,,,
521,578,-0.134170057,,,,
533,580,-0.111280792,,,,
547,582,-0.084702511,,,,
562,584,-0.056331318,,,,
579,585,-0.024385409,,,,
594,585,0.003752328,,,,
612,584,0.037576289,,,,
627,583,0.065818164,,,,
641,581,0.092364044,,,,
654,579,0.117108745,,,,
665,578,0.137902402,,,,
675,576,0.157091833,,,,
681,574,0.168874211,,,,
686,573,0.178501921,,,,
689,572,0.184418906,,,,
689,572,0.184418906,,,,
686,573,0.178501921,,,,
681,574,0.168874211,,,,
674,576,0.155229598,,,,
664,578,0.136036706,,,,
653,580,0.115020377,,,,
640,582,0.090319635,,,,
626,583,0.063942842,,,,
611,584,0.035699113,,,,
594,585,0.003752328,,,,
579,585,-0.024385409,,,,
563,584,-0.054457381,,,,
548,582,-0.082828927,,,,
535,581,-0.107336353,,,,
523,579,-0.130189234,,,,
512,576,-0.151501882,,,,
504,574,-0.167012029,,,,
498,573,-0.178501921,,,,
494,572,-0.18627667,,,,
493,571,-0.18848711,,,,
494,572,-0.18627667,,,,
498,573,-0.178501921,,,,
504,575,-0.166698583,,,,
513,577,-0.149355627,,,,
523,579,-0.130189234,,,,
535,581,-0.107336353,,,,
549,583,-0.080802966,,,,
563,584,-0.054457381,,,,
578,585,-0.026260378,,,,
594,585,0.003752328,,,,
610,585,0.033758277,,,,
625,584,0.0619507,,,,
638,582,0.086575499,,,,
650,580,0.109409821,,,,
661,579,0.130189234,,,,
671,577,0.149355627,,,,
678,575,0.162977465,,,,
682,574,0.170735211,,,,
684,574,0.17445362,,,,
684,574,0.17445362,,,,
682,574,0.170735211,,,,
677,576,0.160812997,,,,
670,577,0.14749252,,,,
661,579,0.130189234,,,,
651,580,0.111280792,,,,
638,582,0.086575499,,,,
625,584,0.0619507,,,,
611,585,0.035632192,,,,
594,586,0.003745301,,,,
580,585,-0.022510268,,,,
565,584,-0.050708372,,,,
551,583,-0.07705991,,,,
538,581,-0.101727033,,,,
526,579,-0.12458853,,,,
516,577,-0.143763221,,,,
508,576,-0.15895297,,,,
502,574,-0.170735211,,,,
499,573,-0.176642424,,,,
497,573,-0.180360171,,,,
499,573,-0.176642424,,,,
502,574,-0.170735211,,,,
508,576,-0.15895297,,,,
516,577,-0.143763221,,,,
526,579,-0.12458853,,,,
537,581,-0.103597538,,,,
550,583,-0.078931715,,,,
564,584,-0.052583062,,,,
578,585,-0.026260378,,,,
593,585,0.00187617,,,,
609,585,0.031884125,,,,
623,584,0.058204859,,,,
635,583,0.080802966,,,,
647,581,0.103597538,,,,
658,580,0.124354995,,,,
666,578,0.139767132,,,,
674,577,0.154938636,,,,
678,575,0.162977465,,,,
680,575,0.166698583,,,,
680,575,0.166698583,,,,
678,575,0.162977465,,,,
674,576,0.155229598,,,,
667,578,0.141630885,,,,
658,579,0.12458853,,,,
648,581,0.105467316,,,,
636,583,0.082673651,,,,
624,584,0.06007799,,,,
610,585,0.033758277,,,,
594,586,0.003745301,,,,
581,585,-0.020634969,,,,
566,585,-0.048741851,,,,
553,583,-0.073314688,,,,
540,582,-0.097800194,,,,
529,580,-0.118756733,,,,
520,578,-0.136036706,,,,
512,577,-0.15121769,,,,
506,575,-0.162977465,,,,
503,574,-0.168874211,,,,
502,574,-0.170735211,,,,
503,574,-0.168874211,,,,
506,575,-0.162977465,,,,
512,577,-0.15121769,,,,
519,578,-0.137902402,,,,
528,580,-0.120623669,,,,
539,582,-0.099668652,,,,
551,583,-0.07705991,,,,
564,585,-0.052484588,,,,
579,585,-0.024385409,,,,
592,586,0,,,,
607,585,0.028135163,,,,
621,584,0.054457381,,,,
633,583,0.07705991,,,,
644,582,0.097800194,,,,
655,580,0.118756733,,,,
663,579,0.133918501,,,,
669,578,0.145355407,,,,
674,577,0.154938636,,,,
676,576,0.15895297,,,,
676,576,0.15895297,,,,
674,577,0.154938636,,,,
670,577,0.14749252,,,,
663,579,0.133918501,,,,
655,580,0.118756733,,,,
646,581,0.101727033,,,,
634,583,0.078931715,,,,
623,584,0.058204859,,,,
610,585,0.033758277,,,,
594,586,0.003745301,,,,
581,586,-0.020596338,,,,
568,585,-0.044997748,,,,
555,584,-0.069437059,,,,
543,582,-0.092190759,,,,
532,581,-0.112938902,,,,
523,579,-0.130189234,,,,
516,578,-0.143493647,,,,
510,576,-0.155229598,,,,
507,576,-0.160812997,,,,
506,575,-0.162977465,,,,
507,576,-0.160812997,,,,
510,576,-0.155229598,,,,
515,578,-0.145355407,,,,
522,579,-0.132054329,,,,
531,581,-0.114804854,,,,
541,582,-0.095931051,,,,
553,584,-0.07317737,,,,
566,585,-0.048741851,,,,
579,586,-0.024339762,,,,
592,586,0,,,,
606,585,0.026260378,,,,
619,585,0.050613397,,,,
631,584,0.07317737,,,,
642,582,0.094061235,,,,
651,581,0.111072159,,,,
659,580,0.12621936,,,,
665,578,0.137902402,,,,
670,578,0.147216153,,,,
672,577,0.15121769,,,,
672,577,0.15121769,,,,
670,578,0.147216153,,,,
666,578,0.139767132,,,,
660,579,0.128323228,,,,
652,581,0.112938902,,,,
643,582,0.095931051,,,,
632,583,0.075187563,,,,
621,585,0.054355411,,,,
609,585,0.031884125,,,,
594,586,0.003745301,,,,
582,586,-0.018724403,,,,
569,585,-0.043125216,,,,
557,584,-0.065694802,,,,
545,583,-0.088282174,,,,
535,581,-0.107336353,,,,
526,580,-0.124354995,,,,
519,578,-0.137902402,,,,
514,577,-0.14749252,,,,
511,577,-0.153078697,,,,
510,576,-0.155229598,,,,
511,577,-0.153078697,,,,
514,577,-0.14749252,,,,
519,578,-0.137902402,,,,
525,580,-0.12621936,,,,
534,581,-0.109204639,,,,
544,583,-0.090150463,,,,
555,584,-0.069437059,,,,
567,585,-0.046869964,,,,
579,586,-0.024339762,,,,
592,586,0,,,,
605,586,0.024339762,,,,
617,585,0.046869964,,,,
629,584,0.069437059,,,,
639,583,0.088282174,,,,
648,581,0.105467316,,,,
656,580,0.120623669,,,,
662,579,0.132054329,,,,
666,578,0.139767132,,,,
668,578,0.143493647,,,,
668,578,0.143493647,,,,
666,578,0.139767132,,,,
662,579,0.132054329,,,,
657,580,0.12248976,,,,
649,581,0.107336353,,,,
640,583,0.090150463,,,,
631,584,0.07317737,,,,
619,585,0.050613397,,,,
608,586,0.029953585,,,,
594,587,0.0037383,,,,
582,586,-0.018724403,,,,
570,586,-0.041175217,,,,
559,585,-0.061834766,,,,
548,583,-0.082673651,,,,
538,582,-0.101536413,,,,
530,581,-0.116670004,,,,
523,579,-0.130189234,,,,
518,578,-0.139767132,,,,
515,578,-0.145355407,,,,
514,578,-0.147216153,,,,
515,578,-0.145355407,,,,
518,578,-0.139767132,,,,
523,579,-0.130189234,,,,
529,581,-0.118534339,,,,
537,582,-0.103403462,,,,
546,583,-0.086413268,,,,
557,585,-0.0655719,,,,
568,585,-0.044997748,,,,
580,586,-0.022468129,,,,
592,586,0,,,,
605,586,0.024339762,,,,
616,585,0.044997748,,,,
627,584,0.065694802,,,,
637,583,0.084543756,,,,
645,582,0.099668652,,,,
652,581,0.112938902,,,,
658,580,0.124354995,,,,
662,579,0.132054329,,,,
664,579,0.135781736,,,,
664,579,0.135781736,,,,
662,579,0.132054329,,,,
658,580,0.124354995,,,,
653,581,0.114804854,,,,
646,582,0.101536413,,,,
638,583,0.086413268,,,,
629,584,0.069437059,,,,
618,585,0.048741851,,,,
607,586,0.028082503,,,,
594,587,0.0037383,,,,
583,586,-0.016852337,,,,
571,586,-0.039305589,,,,
560,585,-0.059965544,,,,
550,584,-0.078783961,,,,
541,583,-0.095751493,,,,
533,581,-0.111072159,,,,
527,580,-0.12248976,,,,
522,579,-0.132054329,,,,
519,579,-0.137644023,,,,
518,578,-0.139767132,,,,
519,579,-0.137644023,,,,
522,579,-0.132054329,,,,
526,580,-0.124354995,,,,
532,581,-0.112938902,,,,
540,583,-0.097617182,,,,
549,584,-0.08065174,,,,
559,585,-0.061834766,,,,
569,586,-0.043044557,,,,
581,586,-0.020596338,,,,
592,587,0,,,,
604,586,0.022468129,,,,
615,586,0.043044557,,,,
625,585,0.061834766,,,,
634,584,0.078783961,,,,
642,583,0.093885135,,,,
649,582,0.10713538,,,,
654,581,0.116670004,,,,
658,580,0.124354995,,,,
659,580,0.12621936,,,,
659,580,0.12621936,,,,
658,580,0.124354995,,,,
654,581,0.116670004,,,,
649,582,0.10713538,,,,
643,583,0.095751493,,,,
635,584,0.08065174,,,,
626,585,0.063703556,,,,
616,585,0.044997748,,,,
606,586,0.026211224,,,,
593,587,0.001869157,,,,
583,586,-0.016852337,,,,
572,586,-0.037435686,,,,
562,585,-0.056225853,,,,
552,584,-0.075046764,,,,
543,583,-0.092018121,,,,
536,582,-0.105269789,,,,
530,581,-0.116670004,,,,
526,580,-0.124354995,,,,
523,580,-0.129945432,,,,
522,580,-0.131807116,,,,
523,580,-0.129945432,,,,
526,580,-0.124354995,,,,
530,581,-0.116670004,,,,
536,582,-0.105269789,,,,
543,583,-0.092018121,,,,
551,584,-0.076915631,,,,
561,585,-0.058095902,,,,
571,586,-0.039305589,,,,
582,587,-0.018689412,,,,
592,587,0,,,,
604,586,0.022468129,,,,
614,586,0.041175217,,,,
623,585,0.058095902,,,,
632,584,0.075046764,,,,
639,583,0.088282174,,,,
646,582,0.101536413,,,,
651,582,0.110864303,,,,
654,581,0.116670004,,,,
655,581,0.118534339,,,,
655,581,0.118534339,,,,
654,581,0.116670004,,,,
651,582,0.110864303,,,,
646,582,0.101536413,,,,
640,583,0.090150463,,,,
632,584,0.075046764,,,,
624,585,0.059965544,,,,
614,586,0.041175217,,,,
605,586,0.024339762,,,,
593,587,0.001869157,,,,
583,587,-0.016820843,,,,
573,586,-0.035565521,,,,
563,585,-0.054355411,,,,
554,585,-0.071174131,,,,
546,584,-0.086251642,,,,
539,583,-0.09948219,,,,
534,582,-0.109000222,,,,
530,581,-0.116670004,,,,
527,581,-0.122260513,,,,
526,580,-0.124354995,,,,
527,581,-0.122260513,,,,
530,581,-0.116670004,,,,
534,582,-0.109000222,,,,
539,583,-0.09948219,,,,
546,584,-0.086251642,,,,
554,585,-0.071174131,,,,
563,585,-0.054355411,,,,
572,586,-0.037435686,,,,
582,587,-0.018689412,,,,
592,587,0,,,,
603,586,0.020596338,,,,
613,586,0.039305589,,,,
622,586,0.056120783,,,,
630,585,0.071174131,,,,
636,584,0.082518954,,,,
642,583,0.093885135,,,,
647,583,0.10321011,,,,
650,582,0.109000222,,,,
651,582,0.110864303,,,,
651,582,0.110864303,,,,
650,582,0.109000222,,,,
647,582,0.103403462,,,,
642,583,0.093885135,,,,
636,584,0.082518954,,,,
630,585,0.071174131,,,,
621,586,0.054253822,,,,
613,586,0.039305589,,,,
603,586,0.020596338,,,,
593,587,0.001869157,,,,
583,587,-0.016820843,,,,
573,586,-0.035565521,,,,
564,586,-0.052386482,,,,
556,585,-0.067439786,,,,
548,584,-0.082518954,,,,
542,583,-0.093885135,,,,
537,583,-0.10321011,,,,
533,582,-0.110864303,,,,
531,581,-0.114804854,,,,
530,581,-0.116670004,,,,
531,582,-0.114590134,,,,
534,582,-0.109000222,,,,
537,583,-0.10321011,,,,
543,583,-0.092018121,,,,
549,584,-0.08065174,,,,
557,585,-0.0655719,,,,
565,586,-0.050518777,,,,
573,587,-0.035499099,,,,
583,587,-0.016820843,,,,
592,587,0,,,,
603,587,0.020557851,,,,
611,586,0.035565521,,,,
620,586,0.052386482,,,,
627,585,0.0655719,,,,
634,584,0.078783961,,,,
639,584,0.088117089,,,,
643,583,0.095751493,,,,
646,583,0.101346503,,,,
647,583,0.10321011,,,,
647,583,0.10321011,,,,
646,583,0.101346503,,,,
643,583,0.095751493,,,,
639,584,0.088117089,,,,
633,585,0.076771891,,,,
626,585,0.063703556,,,,
619,586,0.050518777,,,,
611,586,0.035565521,,,,
602,587,0.018689412,,,,
592,587,0,,,,
583,587,-0.016820843,,,,
574,587,-0.033632173,,,,
566,586,-0.048650719,,,,
558,585,-0.063703556,,,,
551,585,-0.076771891,,,,
545,584,-0.088117089,,,,
540,583,-0.097617182,,,,
537,583,-0.10321011,,,,
535,582,-0.10713538,,,,
535,582,-0.10713538,,,,
535,582,-0.10713538,,,,
538,583,-0.101346503,,,,
541,583,-0.095751493,,,,
546,584,-0.086251642,,,,
552,585,-0.07490649,,,,
559,586,-0.061719265,,,,
567,586,-0.04678232,,,,
575,587,-0.031765013,,,,
584,587,-0.014952157,,,,
593,587,0.001869157,,,,
602,587,0.018689412,,,,
611,587,0.035499099,,,,
618,586,0.048650719,,,,
625,586,0.061719265,,,,
631,585,0.073040565,,,,
636,584,0.082518954,,,,
640,584,0.089981921,,,,
642,584,0.093709691,,,,
643,583,0.095751493,,,,
643,583,0.095751493,,,,
642,584,0.093709691,,,,
639,584,0.088117089,,,,
635,584,0.08065174,,,,
630,585,0.071174131,,,,
623,586,0.057987352,,,,
617,586,0.04678232,,,,
609,587,0.031765013,,,,
601,587,0.016820843,,,,
592,587,0,,,,
583,587,-0.016820843,,,,
575,587,-0.031765013,,,,
567,586,-0.04678232,,,,
560,586,-0.059853517,,,,
553,585,-0.073040565,,,,
548,584,-0.082518954,,,,
544,584,-0.089981921,,,,
541,583,-0.095751493,,,,
539,583,-0.09948219,,,,
539,583,-0.09948219,,,,
539,583,-0.09948219,,,,
542,584,-0.093709691,,,,
545,584,-0.088117089,,,,
550,585,-0.078636758,,,,
555,585,-0.069307201,,,,
562,586,-0.056120783,,,,
569,587,-0.042964198,,,,
577,587,-0.02803004,,,,
585,587,-0.013083366,,,,
593,587,0.001869157,,,,
602,587,0.018689412,,,,
609,587,0.031765013,,,,
616,587,0.044829757,,,,
623,586,0.057987352,,,,
629,585,0.069307201,,,,
633,585,0.076771891,,,,
637,584,0.084385593,,,,
639,584,0.088117089,,,,
640,584,0.089981921,,,,
639,584,0.088117089,,,,
638,584,0.086251642,,,,
635,585,0.080501077,,,,
631,585,0.073040565,,,,
626,586,0.063584582,,,,
621,586,0.054253822,,,,
614,586,0.041175217,,,,
607,587,0.02803004,,,,
599,587,0.013083366,,,,
591,587,-0.001869157,,,,
583,587,-0.016820843,,,,
576,587,-0.029897631,,,,
568,587,-0.044829757,,,,
562,586,-0.056120783,,,,
556,586,-0.067313876,,,,
551,585,-0.076771891,,,,
547,584,-0.084385593,,,,
544,584,-0.089981921,,,,
543,584,-0.091846126,,,,
543,584,-0.091846126,,,,
543,584,-0.091846126,,,,
546,584,-0.086251642,,,,
549,585,-0.080501077,,,,
553,585,-0.073040565,,,,
558,586,-0.063584582,,,,
565,586,-0.050518777,,,,
571,587,-0.039232196,,,,
579,587,-0.024294285,,,,
586,587,-0.011214483,,,,
593,587,0.001869157,,,,
601,587,0.016820843,,,,
608,587,0.029897631,,,,
615,587,0.042964198,,,,
621,586,0.054253822,,,,
626,586,0.063584582,,,,
630,585,0.071174131,,,,
633,585,0.076771891,,,,
635,585,0.080501077,,,,
636,585,0.082364835,,,,
636,585,0.082364835,,,,
634,585,0.078636758,,,,
631,585,0.073040565,,,,
628,586,0.067313876,,,,
623,586,0.057987352,,,,
618,586,0.048650719,,,,
612,587,0.037365778,,,,
605,587,0.024294285,,,,
597,588,0.009328088,,,,
590,587,-0.0037383,,,,
583,587,-0.016820843,,,,
576,587,-0.029897631,,,,
570,587,-0.04109834,,,,
564,586,-0.052386482,,,,
558,586,-0.063584582,,,,
554,585,-0.071174131,,,,
551,585,-0.076771891,,,,
548,585,-0.082364835,,,,
547,584,-0.084385593,,,,
547,584,-0.084385593,,,,
547,584,-0.084385593,,,,
550,585,-0.078636758,,,,
553,585,-0.073040565,,,,
557,586,-0.065449457,,,,
562,586,-0.056120783,,,,
567,587,-0.046695004,,,,
574,587,-0.033632173,,,,
580,587,-0.022426146,,,,
587,587,-0.009345522,,,,
593,588,0.001865669,,,,
601,587,0.016820843,,,,
607,587,0.02803004,,,,
613,587,0.039232196,,,,
619,587,0.050424509,,,,
623,586,0.057987352,,,,
626,586,0.063584582,,,,
629,586,0.069177826,,,,
631,585,0.073040565,,,,
631,585,0.073040565,,,,
631,585,0.073040565,,,,
630,586,0.071041295,,,,
627,586,0.065449457,,,,
624,586,0.059853517,,,,
620,586,0.052386482,,,,
615,587,0.042964198,,,,
609,587,0.031765013,,,,
603,587,0.020557851,,,,
596,588,0.007462548,,,,
590,588,-0.003731326,,,,
583,587,-0.016820843,,,,
577,587,-0.02803004,,,,
571,587,-0.039232196,,,,
565,586,-0.050518777,,,,
561,586,-0.057987352,,,,
557,586,-0.065449457,,,,
554,585,-0.071174131,,,,
552,585,-0.07490649,,,,
551,585,-0.076771891,,,,
551,585,-0.076771891,,,,
552,585,-0.07490649,,,,
554,585,-0.071174131,,,,
556,586,-0.067313876,,,,
560,586,-0.059853517,,,,
565,586,-0.050518777,,,,
570,587,-0.04109834,,,,
575,587,-0.031765013,,,,
582,587,-0.018689412,,,,
588,587,-0.007476496,,,,
593,588,0.001865669,,,,
600,587,0.014952157,,,,
606,587,0.026162254,,,,
611,587,0.035499099,,,,
616,587,0.044829757,,,,
620,587,0.052288742,,,,
623,586,0.057987352,,,,
626,586,0.063584582,,,,
627,586,0.065449457,,,,
628,586,0.067313876,,,,
627,586,0.065449457,,,,
626,586,0.063584582,,,,
623,586,0.057987352,,,,
620,586,0.052386482,,,,
616,587,0.044829757,,,,
612,587,0.037365778,,,,
607,587,0.02803004,,,,
601,587,0.016820843,,,,
595,588,0.005596956,,,,
589,588,-0.005596956,,,,
583,587,-0.016820843,,,,
578,587,-0.026162254,,,,
572,587,-0.037365778,,,,
568,587,-0.044829757,,,,
564,586,-0.052386482,,,,
560,586,-0.059853517,,,,
557,586,-0.065449457,,,,
555,586,-0.069177826,,,,
555,586,-0.069177826,,,,
555,586,-0.069177826,,,,
555,586,-0.069177826,,,,
557,586,-0.065449457,,,,
560,586,-0.059853517,,,,
564,586,-0.052386482,,,,
568,587,-0.044829757,,,,
573,587,-0.035499099,,,,
577,588,-0.027977772,,,,
583,587,-0.016820843,,,,
589,588,-0.005596956,,,,
593,588,0.001865669,,,,
600,588,0.014924265,,,,
605,587,0.024294285,,,,
610,587,0.033632173,,,,
614,587,0.04109834,,,,
617,587,0.046695004,,,,
620,587,0.052288742,,,,
622,587,0.056016104,,,,
623,586,0.057987352,,,,
623,586,0.057987352,,,,
623,586,0.057987352,,,,
622,587,0.056016104,,,,
620,587,0.052288742,,,,
617,587,0.046695004,,,,
613,587,0.039232196,,,,
609,587,0.031765013,,,,
604,588,0.02238432,,,,
600,588,0.014924265,,,,
594,588,0.003731326,,,,
589,588,-0.005596956,,,,
584,587,-0.014952157,,,,
579,588,-0.024248977,,,,
574,587,-0.033632173,,,,
570,587,-0.04109834,,,,
566,587,-0.048559926,,,,
563,587,-0.054152611,,,,
561,586,-0.057987352,,,,
559,586,-0.061719265,,,,
559,586,-0.061719265,,,,
559,586,-0.061719265,,,,
560,586,-0.059853517,,,,
562,586,-0.056120783,,,,
564,587,-0.052288742,,,,
567,587,-0.046695004,,,,
571,587,-0.039232196,,,,
575,588,-0.031705789,,,,
580,588,-0.02238432,,,,
584,588,-0.014924265,,,,
590,588,-0.003731326,,,,
594,588,0.003731326,,,,
599,588,0.013058959,,,,
604,588,0.02238432,,,,
608,587,0.029897631,,,,
611,587,0.035499099,,,,
614,587,0.04109834,,,,
617,587,0.046695004,,,,
619,587,0.050424509,,,,
619,587,0.050424509,,,,
620,587,0.052288742,,,,
619,587,0.050424509,,,,
618,587,0.048559926,,,,
616,587,0.044829757,,,,
613,587,0.039232196,,,,
610,588,0.033569474,,,,
606,588,0.026113466,,,,
602,588,0.018654552,,,,
597,588,0.009328088,,,,
592,588,0,,,,
589,588,-0.005596956,,,,
584,588,-0.014924265,,,,
580,588,-0.02238432,,,,
575,588,-0.031705789,,,,
572,587,-0.037365778,,,,
569,587,-0.042964198,,,,
566,587,-0.048559926,,,,
564,587,-0.052288742,,,,
563,587,-0.054152611,,,,
563,587,-0.054152611,,,,
563,587,-0.054152611,,,,
564,587,-0.052288742,,,,
565,587,-0.050424509,,,,
568,587,-0.044829757,,,,
571,587,-0.039232196,,,,
574,588,-0.033569474,,,,
578,588,-0.026113466,,,,
581,588,-0.020519508,,,,
586,588,-0.011193562,,,,
590,588,-0.003731326,,,,
594,588,0.003731326,,,,
598,588,0.011193562,,,,
602,588,0.018654552,,,,
606,588,0.026113466,,,,
609,588,0.031705789,,,,
611,588,0.035432925,,,,
613,587,0.039232196,,,,
615,587,0.042964198,,,,
615,587,0.042964198,,,,
615,587,0.042964198,,,,
615,587,0.042964198,,,,
614,587,0.04109834,,,,
612,588,0.03729613,,,,
610,588,0.033569474,,,,
607,588,0.027977772,,,,
603,588,0.020519508,,,,
600,588,0.014924265,,,,
596,588,0.007462548,,,,
592,588,0,,,,
588,588,-0.007462548,,,,
584,588,-0.014924265,,,,
581,588,-0.020519508,,,,
577,588,-0.027977772,,,,
574,588,-0.033569474,,,,
571,588,-0.039159076,,,,
569,587,-0.042964198,,,,
568,587,-0.044829757,,,,
567,587,-0.046695004,,,,
566,587,-0.048559926,,,,
567,587,-0.046695004,,,,
568,587,-0.044829757,,,,
569,587,-0.042964198,,,,
571,588,-0.039159076,,,,
574,588,-0.033569474,,,,
577,588,-0.027977772,,,,
580,588,-0.02238432,,,,
583,588,-0.016789467,,,,
587,588,-0.009328088,,,,
591,588,-0.001865669,,,,
594,588,0.003731326,,,,
597,588,0.009328088,,,,
601,588,0.016789467,,,,
604,588,0.02238432,,,,
606,588,0.026113466,,,,
609,588,0.031705789,,,,
610,588,0.033569474,,,,
611,588,0.035432925,,,,
612,588,0.03729613,,,,
612,588,0.03729613,,,,
611,588,0.035432925,,,,
610,588,0.033569474,,,,
608,588,0.029841885,,,,
606,588,0.026113466,,,,
604,588,0.02238432,,,,
601,588,0.016789467,,,,
597,588,0.009328088,,,,
594,588,0.003731326,,,,
591,588,-0.001865669,,,,
588,588,-0.007462548,,,,
584,588,-0.014924265,,,,
582,588,-0.018654552,,,,
579,588,-0.024248977,,,,
576,588,-0.029841885,,,,
574,588,-0.033569474,,,,
573,588,-0.035432925,,,,
571,588,-0.039159076,,,,
571,588,-0.039159076,,,,
571,588,-0.039159076,,,,
571,588,-0.039159076,,,,
572,588,-0.03729613,,,,
573,588,-0.035432925,,,,
575,588,-0.031705789,,,,
577,588,-0.027977772,,,,
580,588,-0.02238432,,,,
582,588,-0.018654552,,,,
585,588,-0.013058959,,,,
588,588,-0.007462548,,,,
591,588,-0.001865669,,,,
594,588,0.003731326,,,,
597,588,0.009328088,,,,
600,588,0.014924265,,,,
602,588,0.018654552,,,,
604,588,0.02238432,,,,
605,588,0.024248977,,,,
607,588,0.027977772,,,,
608,588,0.029841885,,,,
608,588,0.029841885,,,,
608,588,0.029841885,,,,
607,588,0.027977772,,,,
606,588,0.026113466,,,,
604,588,0.02238432,,,,
603,588,0.020519508,,,,
601,588,0.016789467,,,,
598,589,0.011172719,,,,
595,589,0.005586534,,,,
593,589,0.001862195,,,,
590,589,-0.003724378,,,,
588,588,-0.007462548,,,,
585,588,-0.013058959,,,,
583,588,-0.016789467,,,,
581,588,-0.020519508,,,,
579,588,-0.024248977,,,,
577,588,-0.027977772,,,,
576,588,-0.029841885,,,,
575,588,-0.031705789,,,,
574,588,-0.033569474,,,,
574,588,-0.033569474,,,,
575,588,-0.031705789,,,,
576,588,-0.029841885,,,,
577,588,-0.027977772,,,,
579,588,-0.024248977,,,,
580,588,-0.02238432,,,,
582,588,-0.018654552,,,,
584,588,-0.014924265,,,,
587,588,-0.009328088,,,,
589,588,-0.005596956,,,,
592,589,0,,,,
593,589,0.001862195,,,,
596,589,0.007448652,,,,
598,589,0.011172719,,,,
600,589,0.014896477,,,,
601,588,0.016789467,,,,
602,588,0.018654552,,,,
603,588,0.020519508,,,,
604,588,0.02238432,,,,
604,588,0.02238432,,,,
604,588,0.02238432,,,,
603,589,0.020481307,,,,
602,589,0.018619822,,,,
601,589,0.016758208,,,,
600,589,0.014896477,,,,
598,589,0.011172719,,,,
595,589,0.005586534,,,,
593,589,0.001862195,,,,
592,589,0,,,,
590,589,-0.003724378,,,,
588,589,-0.007448652,,,,
585,589,-0.013034643,,,,
584,588,-0.014924265,,,,
582,588,-0.018654552,,,,
581,588,-0.020519508,,,,
580,588,-0.02238432,,,,
579,588,-0.024248977,,,,
579,588,-0.024248977,,,,
579,588,-0.024248977,,,,
579,588,-0.024248977,,,,
579,588,-0.024248977,,,,
580,588,-0.02238432,,,,
581,588,-0.020519508,,,,
582,588,-0.018654552,,,,
583,588,-0.016789467,,,,
585,588,-0.013058959,,,,
586,589,-0.011172719,,,,
588,589,-0.007448652,,,,
590,589,-0.003724378,,,,
592,589,0,,,,
593,589,0.001862195,,,,
595,589,0.005586534,,,,
596,589,0.007448652,,,,
598,589,0.011172719,,,,
599,589,0.013034643,,,,
599,589,0.013034643,,,,
600,589,0.014896477,,,,
600,589,0.014896477,,,,
600,589,0.014896477,,,,
600,589,0.014896477,,,,
599,589,0.013034643,,,,
599,589,0.013034643,,,,
597,589,0.009310718,,,,
596,589,0.007448652,,,,
595,589,0.005586534,,,,
593,589,0.001862195,,,,
592,589,0,,,,
591,589,-0.001862195,,,,
589,589,-0.005586534,,,,
588,589,-0.007448652,,,,
586,589,-0.011172719,,,,
585,589,-0.013034643,,,,
584,589,-0.014896477,,,,
583,589,-0.016758208,,,,
583,589,-0.016758208,,,,
582,589,-0.018619822,,,,
582,589,-0.018619822,,,,
582,589,-0.018619822,,,,
582,589,-0.018619822,,,,
583,589,-0.016758208,,,,
583,589,-0.016758208,,,,
584,589,-0.014896477,,,,
585,589,-0.013034643,,,,
586,589,-0.011172719,,,,
587,589,-0.009310718,,,,
588,589,-0.007448652,,,,
590,589,-0.003724378,,,,
591,589,-0.001862195,,,,
592,589,0,,,,
593,589,0.001862195,,,,
594,589,0.003724378,,,,
594,589,0.003724378,,,,
595,589,0.005586534,,,,
596,589,0.007448652,,,,
596,589,0.007448652,,,,
596,589,0.007448652,,,,
596,589,0.007448652,,,,
596,589,0.007448652,,,,
596,589,0.007448652,,,,
595,589,0.005586534,,,,
594,589,0.003724378,,,,
594,589,0.003724378,,,,
593,589,0.001862195,,,,
592,589,0,,,,
591,589,-0.001862195,,,,
591,589,-0.001862195,,,,
590,589,-0.003724378,,,,
589,589,-0.005586534,,,,
588,589,-0.007448652,,,,
587,589,-0.009310718,,,,
586,589,-0.011172719,,,,
586,589,-0.011172719,,,,
586,589,-0.011172719,,,,
586,589,-0.011172719,,,,
586,589,-0.011172719,,,,
586,589,-0.011172719,,,,
586,589,-0.011172719,,,,
586,589,-0.011172719,,,,
586,589,-0.011172719,,,,
587,589,-0.009310718,,,,
588,589,-0.007448652,,,,
588,589,-0.007448652,,,,
589,589,-0.005586534,,,,
590,589,-0.003724378,,,,
591,589,-0.001862195,,,,
591,589,-0.001862195,,,,
592,589,0,,,,
592,589,0,,,,
592,589,0,,,,
592,589,0,,,,
593,589,0.001862195,,,,
593,589,0.001862195,,,,
593,589,0.001862195,,,,
593,589,0.001862195,,,,
593,589,0.001862195,,,,
593,589,0.001862195,,,,
592,589,0,,,,
592,589,0,,,,
592,589,0,,,,
591,589,-0.001862195,,,,
591,589,-0.001862195,,,,
591,589,-0.001862195,,,,
590,589,-0.003724378,,,,
590,589,-0.003724378,,,,
590,589,-0.003724378,,,,
589,589,-0.005586534,,,,
589,589,-0.005586534,,,,
589,589,-0.005586534,,,,
589,589,-0.005586534,,,,
589,589,-0.005586534,,,,
589,589,-0.005586534,,,,
588,589,-0.007448652,,,,
588,589,-0.007448652,,,,
589,589,-0.005586534,,,,
589,589,-0.005586534,,,,
589,589,-0.005586534,,,,
589,589,-0.005586534,,,,
589,589,-0.005586534,,,,
590,589,-0.003724378,,,,
590,589,-0.003724378,,,,
590,589,-0.003724378,,,,
590,589,-0.003724378,,,,
591,589,-0.001862195,,,,
591,589,-0.001862195,,,,
591,589,-0.001862195,,,,
591,589,-0.001862195,,,,
591,589,-0.001862195,,,,
591,589,-0.001862195,,,,
591,589,-0.001862195,,,,
591,589,-0.001862195,,,,
591,589,-0.001862195,,,,
591,589,-0.001862195,,,,
591,589,-0.001862195,,,,
591,589,-0.001862195,,,,
591,589,-0.001862195,,,,
591,589,-0.001862195,,,,
590,589,-0.003724378,,,,
590,589,-0.003724378,,,,
590,589,-0.003724378,,,,
590,589,-0.003724378,,,,
590,589,-0.003724378,,,,
590,589,-0.003724378,,,,
590,589,-0.003724378,,,,
590,589,-0.003724378,,,,
590,589,-0.003724378,,,,
590,589,-0.003724378,,,,
590,589,-0.003724378,,,,
590,589,-0.003724378,,,,
590,589,-0.003724378,,,,
590,589,-0.003724378,,,,
590,590,-0.003717455,,,,
590,590,-0.003717455,,,,
590,590,-0.003717455,,,,
590,590,-0.003717455,,,,
590,590,-0.003717455,,,,
590,590,-0.003717455,,,,
590,590,-0.003717455,,,,
590,590,-0.003717455,,,,
590,590,-0.003717455,,,,
590,590,-0.003717455,,,,
590,590,-0.003717455,,,,
590,590,-0.003717455,,,,
590,590,-0.003717455,,,,
590,590,-0.003717455,,,,
590,590,-0.003717455,,,,
590,590,-0.003717455,,,,
590,590,-0.003717455,,,,
590,590,-0.003717455,,,,
590,590,-0.003717455,,,,
590,590,-0.003717455,,,,
590,590,-0.003717455,,,,
590,590,-0.003717455,,,,
590,590,-0.003717455,,,,
590,590,-0.003717455,,,,
590,590,-0.003717455,,,,
590,590,-0.003717455,,,,
590,590,-0.003717455,,,,
590,590,-0.003717455,,,,
590,590,-0.003717455,,,,
590,590,-0.003717455,,,,
590,590,-0.003717455,,,,
590,590,-0.003717455,,,,
590,590,-0.003717455,,,,
590,590,-0.003717455,,,,
590,590,-0.003717455,,,,
590,590,-0.003717455,,,,
590,590,-0.003717455,,,,
590,590,-0.003717455,,,,
590,590,-0.003717455,,,,
590,590,-0.003717455,,,,
590,590,-0.003717455,,,,
590,590,-0.003717455,,,,
590,590,-0.003717455,,,,
590,590,-0.003717455,,,,
590,590,-0.003717455,,,,
590,590,-0.003717455,,,,
590,590,-0.003717455,,,,
590,590,-0.003717455,,,,
590,590,-0.003717455,,,,
590,590,-0.003717455,,,,
590,590,-0.003717455,,,,
590,590,-0.003717455,,,,
590,590,-0.003717455,,,,
590,590,-0.003717455,,,,
590,590,-0.003717455,,,,
590,590,-0.003717455,,,,
590,590,-0.003717455,,,,
590,590,-0.003717455,,,,
590,590,-0.003717455,,,,
590,590,-0.003717455,,,,
590,590,-0.003717455,,,,
590,590,-0.003717455,,,,
590,590,-0.003717455,,,,
590,590,-0.003717455,,,,
590,590,-0.003717455,,,,
590,590,-0.003717455,,,,
590,590,-0.003717455,,,,
590,590,-0.003717455,,,,
590,590,-0.003717455,,,,
590,590,-0.003717455,,,,
590,590,-0.003717455,,,,
590,590,-0.003717455,,,,
590,590,-0.003717455,,,,
590,590,-0.003717455,,,,
590,590,-0.003717455,,,,
590,590,-0.003717455,,,,
590,590,-0.003717455,,,,
590,590,-0.003717455,,,,
590,590,-0.003717455,,,,
590,590,-0.003717455,,,,
590,590,-0.003717455,,,,
590,590,-0.003717455,,,,
590,590,-0.003717455,,,,
590,590,-0.003717455,,,,
590,590,-0.003717455,,,,
590,590,-0.003717455,,,,
590,590,-0.003717455,,,,
590,590,-0.003717455,,,,
590,590,-0.003717455,,,,
590,590,-0.003717455,,,,
590,590,-0.003717455,,,,
590,590,-0.003717455,,,,
590,590,-0.003717455,,,,
590,590,-0.003717455,,,,
590,590,-0.003717455,,,,
590,590,-0.003717455,,,,
590,590,-0.003717455,,,,
590,590,-0.003717455,,,,
590,590,-0.003717455,,,,
590,590,-0.003717455,,,,
590,590,-0.003717455,,,,
590,590,-0.003717455,,,,
590,590,-0.003717455,,,,
590,590,-0.003717455,,,,
590,590,-0.003717455,,,,
590,590,-0.003717455,,,,
590,590,-0.003717455,,,,
590,590,-0.003717455,,,,
590,590,-0.003717455,,,,
590,590,-0.003717455,,,,
590,590,-0.003717455,,,,
590,590,-0.003717455,,,,
590,590,-0.003717455,,,,
590,590,-0.003717455,,,,
590,590,-0.003717455,,,,
590,590,-0.003717455,,,,
590,590,-0.003717455,,,,
590,590,-0.003717455,,,,
590,590,-0.003717455,,,,
590,590,-0.003717455,,,,
590,590,-0.003717455,,,,
590,590,-0.003717455,,,,
590,590,-0.003717455,,,,
590,590,-0.003717455,,,,
590,590,-0.003717455,,,,
590,590,-0.003717455,,,,
590,590,-0.003717455,,,,
590,590,-0.003717455,,,,
590,590,-0.003717455,,,,
590,590,-0.003717455,,,,
590,590,-0.003717455,,,,
590,590,-0.003717455,,,,
590,590,-0.003717455,,,,
590,590,-0.003717455,,,,
590,590,-0.003717455,,,,
590,590,-0.003717455,,,,
590,590,-0.003717455,,,,
590,590,-0.003717455,,,,
590,590,-0.003717455,,,,
590,590,-0.003717455,,,,
590,590,-0.003717455,,,,
590,590,-0.003717455,,,,
590,590,-0.003717455,,,,
590,590,-0.003717455,,,,
590,590,-0.003717455,,,,
590,590,-0.003717455,,,,
590,590,-0.003717455,,,,
590,590,-0.003717455,,,,
590,590,-0.003717455,,,,
590,590,-0.003717455,,,,
590,590,-0.003717455,,,,
590,590,-0.003717455,,,,
590,590,-0.003717455,,,,
590,590,-0.003717455,,,,
590,590,-0.003717455,,,,
590,590,-0.003717455,,,,
590,590,-0.003717455,,,,
590,590,-0.003717455,,,,
590,590,-0.003717455,,,,
590,590,-0.003717455,,,,
590,590,-0.003717455,,,,
590,590,-0.003717455,,,,
590,590,-0.003717455,,,,
590,590,-0.003717455,,,,
590,590,-0.003717455,,,,
590,590,-0.003717455,,,,
590,590,-0.003717455,,,,
590,590,-0.003717455,,,,
590,590,-0.003717455,,,,
